IDBASE;LIBELLEFRANCAIS;GENRE;ESPECE;ADRESSE;TYPEEMPLACEMENT;DOMANIALITE;ARRONDISSEMENT;COMPLEMENTADRESSE;NUMERO;IDEMPLACEMENT;CIRCONFERENCE EN CM;HAUTEUR EN M;STADEDEVELOPPEMENT;PEPINIERE;VARIETE OU CULTIVAR;DATEPLANTATION;REMARQUABLE;Geo point
106913.0;Cèdre;Cedrus;libani;JARDIN DU CHAMP DE MARS ET PELOUSES DE L ECOLE MILITAIRE;Arbre;Jardin;PARIS 7E ARRDT;Canton 07;;P00709013;308.0;20.0;Mature;Inconnue;''Glauca'';1700-01-01T01:02:49+00:53;OUI;48.854379449969116,2.298629731628205
125063.0;Orme;Ulmus;glabra;SQUARE JEAN XXIII / 2 QUAI DE L ARCHEVECHE;Arbre;Jardin;PARIS 4E ARRDT;;;000302002;167.0;10.0;Adulte;Inconnue;''Pendula'';1700-01-01T01:02:49+00:53;OUI;48.852102030885966,2.3508038713728716
162943.0;Platane;Platanus;x hispanica;CIMETIERE DU PERE LACHAISE / DIV 45;Arbre;CIMETIERE;PARIS 20E ARRDT;20-14;;D00000045009;375.0;26.0;Mature;Inconnue;;1700-01-01T01:02:49+00:53;OUI;48.8612558559957,2.39505026070172
114166.0;Platane;Platanus;x hispanica;JARDIN DE L AVENUE FOCH / 10 AVENUE FOCH;Arbre;Jardin;PARIS 16E ARRDT;PELOUSE 08 - 34 à 44;;000210026;445.0;21.0;Mature;Inconnue;;1700-01-01T01:02:49+00:53;OUI;48.87313400143684,2.2867955315430515
2002399.0;Catalpa;Catalpa;bignonioides;PENTE DE GRAVELLE - AVENUE DE GRAVELLE / ROUTE DU MOULIN ROUGE;Arbre;Jardin;BOIS DE VINCENNES;12-38;;12-38;289.0;10.0;Mature;Inconnue;;2000-01-01T02:00:00+01:00;OUI;48.82007112336596,2.4351662646921874
216766.0;Paulownia;Paulownia;tomentosa;RUE DE FURSTEMBERG;Arbre;Alignement;PARIS 6E ARRDT;;;000101001;295.0;15.0;Mature;GUILLOT BOURNE;;1999-01-25T02:00:00+01:00;OUI;48.854273288210244,2.3357352546771133
114452.0;Micocoulier;Celtis;koraiensis;JARDIN DES SERRES D AUTEUIL / 1 AVENUE GORDON BENNETT;Arbre;Jardin;PARIS 16E ARRDT;;;00060082;173.0;9.0;Adulte;Inconnue;;1700-01-01T01:02:49+00:53;OUI;48.846039808503576,2.2540662827478433
2002387.0;Sequoia;Sequoiadendron;giganteum;ROUTE DE LA PORTE SAINT-JAMES;Arbre;Jardin;BOIS DE BOULOGNE;16-12;;001001001;335.0;28.0;Mature;Inconnue;;1850-01-01T01:02:49+00:53;OUI;48.87647407978168,2.2574997550678364
2013640.0;Amandier;Prunus;dulcis;LES PLATEAUX SAUVAGES / 7 RUE DES PLATRIERES;Arbre;DAC;PARIS 20E ARRDT;;;000101001;240.0;9.0;Mature;Inconnue;;2000-01-01T02:00:00+01:00;OUI;48.86780690264865,2.388834148972542
2009036.0;Saule;Salix;babylonica;ETANG DE SURESNES / ROUTE DE SURESNES - ROUTE DES MOULINS;Arbre;Jardin;BOIS DE BOULOGNE;16-61;;000201001;285.0;10.0;Mature;Inconnue;;1901-01-01T01:09:21+01:00;OUI;48.86481041381718,2.2337060200219145
2002346.0;Platane;Platanus;x hispanica;PARC DE BAGATELLE - ALLEE DE LONGCHAMP / ROUTE DE SEVRES A NEUILLY;Arbre;Jardin;BOIS DE BOULOGNE;16-19;;000701005;500.0;40.0;Mature;Inconnue;;1847-01-01T01:02:49+00:53;OUI;48.86922434377151,2.2460170409919717
112897.0;Platane;Platanus;x hispanica;PARC MONTSOURIS / 28 BOULEVARD JOURDAN;Arbre;Jardin;PARIS 14E ARRDT;Talus du Lac;;0417B1018;375.0;20.0;Mature;Inconnue;;1700-01-01T01:02:49+00:53;OUI;48.82413393656339,2.3379656973736673
305507.0;Erable;Acer;pseudoplatanus;PARC MONCEAU;Arbre;Jardin;PARIS 8E ARRDT;08-01;;00NO0144;427.0;28.0;Mature;Inconnue;;1700-01-01T01:02:49+00:53;OUI;48.878702987226085,2.3064741737057197
2009236.0;Catalpa;Catalpa;bignonioides;TIR AU PIGEON / 32 ROUTE DE L ETOILE;Arbre;Jardin;BOIS DE BOULOGNE;16-62;;001301001;397.0;14.0;Mature;Inconnue;;1910-01-01T01:09:21+01:00;OUI;48.87408216456365,2.2591649740619064
235972.0;Tilleul;Tilia;tomentosa;PLACE DE LA BATAILLE DE STALINGRAD;Arbre;Alignement;PARIS 19E ARRDT;19-05;;000103001;215.0;23.0;Mature;Inconnue;;1945-01-01T02:00:00+01:00;OUI;48.883029324261045,2.37006279721253
111642.0;Erable;Acer;saccharinum;SQUARE SAINT LAMBERT / 2 RUE JEAN FORMIGE;Arbre;Jardin;PARIS 15E ARRDT;15-04;;000102015;240.0;20.0;Adulte;Inconnue;;1700-01-01T01:02:49+00:53;OUI;48.84278366541723,2.2968613313219115
108277.0;Sequoia;Sequoia;sempervirens;JARDINS DU TROCADERO / 3 PLACE DE VARSOVIE;Arbre;Jardin;PARIS 16E ARRDT;Canton 10;;001005001;186.0;16.0;Adulte;Inconnue;;1700-01-01T01:02:49+00:53;OUI;48.86245184358236,2.2895909974805195
123071.0;Metaséquoia;Metasequoia;glyptostroboides;SQUARE DE LA VILLA SAINTE CROIX / 10 VILLA SAINTE CROIX;Arbre;Jardin;PARIS 17E ARRDT;;;000101005;251.0;19.0;Mature;Inconnue;;1995-04-01T04:00:00+02:00;OUI;48.893937811792384,2.324438667904684
147672.0;Marronnier;Aesculus;hippocastanum;CIMETIERE DU PERE LACHAISE / DIV 76;Arbre;CIMETIERE;PARIS 20E ARRDT;20-15;;D00000076032;347.0;22.0;Mature;Inconnue;;1700-01-01T01:02:49+00:53;OUI;48.85974252453222,2.3999831363677955
123330.0;Erable;Acer;monspessulanum;JARDIN DES SERRES D AUTEUIL / 1 AVENUE GORDON BENNETT;Arbre;Jardin;PARIS 16E ARRDT;;;00040005;209.0;17.0;Mature;Inconnue;;1700-01-01T01:02:49+00:53;OUI;48.84624268954269,2.2513754059362436
104839.0;Chêne;Quercus;cerris;SQUARE RENE LE GALL / 1 RUE EMILE DESLANDRES;Arbre;Jardin;PARIS 13E ARRDT;Roseraie;;000301002;140.0;15.0;Adulte;Inconnue;;1700-01-01T01:02:49+00:53;OUI;48.83302104314707,2.349917609098429
113547.0;Platane;Platanus;x hispanica;PARC MONTSOURIS / 28 BOULEVARD JOURDAN;Arbre;Jardin;PARIS 14E ARRDT;Plateau Baigneuses;;0420A1001;610.0;25.0;Mature;Inconnue;;1700-01-01T01:02:49+00:53;OUI;48.82271470391605,2.338688414234378
136460.0;Bouleau;Betula;nigra;JARDIN DES SERRES D AUTEUIL / 1 AVENUE GORDON BENNETT;Arbre;Jardin;PARIS 16E ARRDT;;;00030015;222.0;20.0;Mature;Inconnue;;1982-01-01T02:00:00+01:00;OUI;48.8477822447431,2.253722888576807
114779.0;Noisetier de Byzance;Corylus;colurna;JARDIN DE L AVENUE FOCH / 10 AVENUE FOCH;Arbre;Jardin;PARIS 16E ARRDT;PELOUSE 15 - 27 à 29;;000105001;204.0;14.0;Mature;Inconnue;;1700-01-01T01:02:49+00:53;OUI;48.87279632801011,2.2875406258605007
2002365.0;Platane;Platanus;x hispanica;ILE DE BERCY / LAC DAUMESNIL;Arbre;Jardin;BOIS DE VINCENNES;12-07;;12-07;410.0;35.0;Mature;Inconnue;;1860-01-01T01:02:49+00:53;OUI;48.83229684732574,2.4106783228978297
2002397.0;Cyprès Chauve;Taxodium;distichum;BERGE DU LAC INFERIEUR - CHEMIN DE CEINTURE DU LAC INFERIEUR;Arbre;Jardin;BOIS DE BOULOGNE;16-03;;000101003;354.0;32.0;Mature;Inconnue;;1862-01-01T01:02:49+00:53;OUI;48.860605073853336,2.259777049393632
127998.0;Frêne;Fraxinus;excelsior;SQUARE DE LA BUTTE DU CHAPEAU ROUGE / 11 BOULEVARD D ALGERIE;Arbre;Jardin;PARIS 19E ARRDT;19-01;;00000509;405.0;21.0;Mature;Inconnue;;1700-01-01T01:02:49+00:53;OUI;48.88193645117035,2.3982637653262042
201570.0;Hêtre;Fagus;sylvatica;STADE DE LA PORTE DE LA MUETTE / 60 BOULEVARD LANNES;Arbre;DJS;PARIS 16E ARRDT;16-38;;470306001;320.0;15.0;Mature;Inconnue;;1700-01-01T01:02:49+00:53;OUI;48.8642003629202,2.267960372482601
112222.0;Micocoulier;Celtis;australis;SQUARE SAINT LAMBERT / 2 RUE JEAN FORMIGE;Arbre;Jardin;PARIS 15E ARRDT;15-05;;000303005;225.0;18.0;Adulte;Inconnue;;1700-01-01T01:02:49+00:53;OUI;48.84264131666319,2.296091108115875
136321.0;Tulipier;Liriodendron;tulipifera;JARDIN DES SERRES D AUTEUIL / 1 AVENUE GORDON BENNETT;Arbre;Jardin;PARIS 16E ARRDT;;;00040037;211.0;22.0;Adulte;Inconnue;;1700-01-01T01:02:49+00:53;OUI;48.84650062055827,2.2522671738210724
2002371.0;Platane;Platanus;x hispanica;SQUARE CARNOT - AVENUE DAUMESNIL / ESPLANADE DU CHATEAU DE VINCENNES;Arbre;Jardin;BOIS DE VINCENNES;12-01;;12-01;615.0;30.0;Mature;Inconnue;;1918-01-01T01:00:00+01:00;OUI;48.839525138606746,2.4333410918799836
114685.0;Mûrier;Morus;nigra;JARDIN DE L AVENUE FOCH / 10 AVENUE FOCH;Arbre;Jardin;PARIS 16E ARRDT;PELOUSE 14 - 11 à 27;;000103010;169.0;8.0;Mature;Inconnue;;1700-01-01T01:02:49+00:53;OUI;48.872900063962696,2.290565432001343
2002393.0;Hêtre;Fagus;sylvatica;PETITE ILE DU LAC INFERIEUR;Arbre;Jardin;BOIS DE BOULOGNE;16-11;;000801001;200.0;10.0;Mature;Inconnue;''Pendula'';1857-01-01T01:02:49+00:53;OUI;48.86136852886504,2.258987943549128
128154.0;Marronnier;Aesculus;hippocastanum;PELOUSE PLACE DU GENERAL CATROUX SUD  / 1  PLACE DU GENERAL CATROUX;Arbre;Jardin;PARIS 17E ARRDT;;;000201001;385.0;26.0;Mature;Inconnue;;1700-01-01T01:02:49+00:53;OUI;48.88233169602055,2.3102453912947096
121940.0;Noisetier de Byzance;Corylus;colurna;SQUARE EDOUARD VAILLANT / 50 AVENUE GAMBETTA;Arbre;Jardin;PARIS 20E ARRDT;20-06;;000201005;160.0;16.0;Mature;Inconnue;;1700-01-01T01:02:49+00:53;OUI;48.865833619587065,2.4000829253880562
126662.0;Platane;Platanus;x hispanica;SQUARE THOMAS JEFFERSSON;Arbre;Jardin;PARIS 16E ARRDT;;;00000012;153.0;13.0;Adulte;Inconnue;;1700-01-01T01:02:49+00:53;OUI;48.86826212163828,2.29353225481076
267663.0;Orme;Ulmus;minor;PLACE SAINT GERVAIS;Arbre;Alignement;PARIS 4E ARRDT;04-01;;000301001;190.0;16.0;Mature;Inconnue;;1700-01-01T01:02:49+00:53;OUI;48.855759640500494,2.353991515207057
298210.0;Platane;Platanus;x hispanica;QUAI SAINT BERNARD;Arbre;Alignement;PARIS 5E ARRDT;Jussieux;;000301059;375.0;25.0;Mature;Inconnue;;1900-01-01T01:09:21+01:00;OUI;48.84929027337202,2.356211229465664
2002344.0;Orme de Sibérie;Zelkova;carpinifolia;MOULIN DE LONGCHAMP - ROUTE DES TRIBUNES;Arbre;Jardin;BOIS DE BOULOGNE;16-06;;000601001;321.0;16.0;Mature;Inconnue;;1896-01-01T01:09:21+01:00;OUI;48.86254970486189,2.237898405712851
102053.0;Arbre aux quarante écus;Ginkgo;biloba;PARC DES BUTTES CHAUMONT;Arbre;Jardin;PARIS 19E ARRDT;;;G0310005;270.0;24.0;Adulte;Inconnue;;1700-01-01T01:02:49+00:53;OUI;48.88232205041283,2.384088215823706
120016.0;Cedrele;Toona;sinensis;SQUARE KRIEGEL - VALRIMONT;Arbre;Jardin;PARIS 18E ARRDT;18-08;;00000009;234.0;16.0;Mature;Inconnue;;1700-01-01T01:02:49+00:53;OUI;48.893355458972614,2.3468204837161757
2002349.0;Pin;Pinus;nigra subsp. laricio;RESERVOIR DE LA GRANDE CASCADE - CARREFOUR DE LONGCHAMP;Arbre;Jardin;BOIS DE BOULOGNE;16-08;;000901001;241.0;30.0;Mature;Inconnue;;1882-01-01T01:02:49+00:53;OUI;48.86300960060955,2.2417737511963374
135262.0;Pterocarya;Pterocarya;fraxinifolia;SQUARE DES BATIGNOLLES;Arbre;Jardin;PARIS 17E ARRDT;17-07;;00000072;397.0;30.0;Mature;Inconnue;;1700-01-01T01:02:49+00:53;OUI;48.8872385241918,2.317163104433761
124358.0;Robinier;Robinia;pseudoacacia;SQUARE RENE VIVIANI MONTEBELLO / 2 RUE DU FOUARRE;Arbre;Jardin;PARIS 5E ARRDT;;;000401001;365.0;9.0;Mature;Inconnue;;1602-01-01T01:02:49+00:53;OUI;48.85219143628661,2.347286187022984
136305.0;Magnolia;Magnolia;grandiflora;JARDIN DES SERRES D AUTEUIL / 1 AVENUE GORDON BENNETT;Arbre;Jardin;PARIS 16E ARRDT;;;00040021;190.0;9.0;Mature;Inconnue;;1700-01-01T01:02:49+00:53;OUI;48.84727363846457,2.2519896875647403
2002389.0;Platane;Platanus;x hispanica;ROUTE DU LAC A BAGATELLE;Arbre;Jardin;BOIS DE BOULOGNE;16-10;;001201001;534.0;45.0;Mature;Inconnue;;1872-01-01T01:02:49+00:53;OUI;48.86711844244798,2.2529421132910628
121923.0;Marronnier;Aesculus;hippocastanum;SQUARE EDOUARD VAILLANT / 50 AVENUE GAMBETTA;Arbre;Jardin;PARIS 20E ARRDT;20-04;;000102006;380.0;26.0;Mature;Inconnue;;1700-01-01T01:02:49+00:53;OUI;48.865035507523565,2.4009317593529538
2002364.0;Platane;Platanus;x hispanica;ILE DE BERCY / LAC DAUMESNIL;Arbre;Jardin;BOIS DE VINCENNES;12-11;;12-11;425.0;40.0;Mature;Inconnue;;1860-01-01T01:02:49+00:53;OUI;48.83233923018604,2.4114464063288743
112542.0;Pterocarya;Pterocarya;fraxinifolia;SQUARE LOUISE MICHEL / 6 PLACE SAINT PIERRE;Arbre;Jardin;PARIS 18E ARRDT;Talus du Funiculaire;;000202004;415.0;26.0;Mature;Inconnue;;1700-01-01T01:02:49+00:53;OUI;48.88530198867287,2.3427208936094805
113353.0;Sequoia;Sequoia;sempervirens;PARC MONTSOURIS / 28 BOULEVARD JOURDAN;Arbre;Jardin;PARIS 14E ARRDT;Volcan / Puits;;0311D1001;360.0;20.0;Mature;Inconnue;;1700-01-01T01:02:49+00:53;OUI;48.82202510003852,2.3362770386073026
124914.0;Noisetier de Byzance;Corylus;colurna;SQUARE MAURICE GARDETTE / 8 RUE GENERAL BLAISE;Arbre;Jardin;PARIS 11E ARRDT;11-01;;000201002;265.0;20.0;Mature;Inconnue;;1882-01-01T01:02:49+00:53;OUI;48.86185385251956,2.3790877683271927
132479.0;Orme de Sibérie;Zelkova;carpinifolia;SQUARE SAMUEL PATY / 3 PLACE PAUL PAINLEVE;Arbre;Jardin;PARIS 5E ARRDT;05-04;;000101002;250.0;20.0;Mature;Inconnue;;1700-01-01T01:02:49+00:53;OUI;48.84994647322497,2.344223857307884
134435.0;Marronnier;Aesculus;hippocastanum;JARDIN ANNE FRANCK / 14 IMPASSE BERTHAUD;Arbre;Jardin;PARIS 3E ARRDT;;;000101001;76.0;8.0;Jeune (arbre);Inconnue;;2006-01-01T02:00:00+01:00;OUI;48.86147409676228,2.3543747057282394
108281.0;Platane;Platanus;x hispanica;JARDINS DU TROCADERO / 3 PLACE DE VARSOVIE;Arbre;Jardin;PARIS 16E ARRDT;Canton 10;;001004011;490.0;28.0;Mature;Inconnue;;1700-01-01T01:02:49+00:53;OUI;48.862618311324105,2.2898042468934845
118790.0;Lilas de Perse;Melia;azedarach;SQUARE BOUCICAUT;Arbre;Jardin;PARIS 7E ARRDT;;;00000031;130.0;10.0;Adulte;Inconnue;;1700-01-01T01:02:49+00:53;OUI;48.85135747117564,2.3251319080328097
114867.0;Chêne;Quercus;ilex;JARDIN DE L AVENUE FOCH / 10 AVENUE FOCH;Arbre;Jardin;PARIS 16E ARRDT;PELOUSE 10 - 20 à 26;;000206003;207.0;10.0;Mature;Inconnue;;1700-01-01T01:02:49+00:53;OUI;48.87368091631074,2.2902524378955813
120299.0;Platane;Platanus;x hispanica;PARC MARCEL BLEUSTEIN BLANCHET / 1 RUE DE LA BONNE;Arbre;Jardin;PARIS 18E ARRDT;Amphithéâtre;;000201003;358.0;27.0;Mature;Inconnue;;1700-01-01T01:02:49+00:53;OUI;48.88774751669287,2.343508518368119
135415.0;Plaqueminier;Diospyros;lotus;SQUARE DES BATIGNOLLES;Arbre;Jardin;PARIS 17E ARRDT;17-12;;00000224;157.0;12.0;Adulte;Inconnue;;1700-01-01T01:02:49+00:53;OUI;48.887317829863456,2.3170626750607597
158609.0;Chicot du Canada;Gymnocladus;dioica;CIMETIERE DU PERE LACHAISE / DIV 77;Arbre;CIMETIERE;PARIS 20E ARRDT;20-17;;D00000077024;155.0;11.0;Adulte;Inconnue;''Variegata'';1700-01-01T01:02:49+00:53;OUI;48.86151633861924,2.399065981839158
102837.0;Sequoia;Sequoiadendron;giganteum;PARC DES BUTTES CHAUMONT;Arbre;Jardin;PARIS 19E ARRDT;19-04;;K0660013;510.0;27.0;Mature;Inconnue;;1700-01-01T01:02:49+00:53;OUI;48.8797546766506,2.3806631542845906
2002390.0;Magnolia;Magnolia;grandiflora;BERGE DU LAC INFERIEUR - CHEMIN DE CEINTURE DU LAC INFERIEUR;Arbre;Jardin;BOIS DE BOULOGNE;16-05;;000101001;200.0;14.0;Mature;Inconnue;;1863-01-01T01:02:49+00:53;OUI;48.85867307490155,2.258339355483799
107696.0;Arbre à Gutta-Percha;Eucommia;ulmoides;JARDIN DU CHAMP DE MARS ET PELOUSES DE L ECOLE MILITAIRE;Arbre;Jardin;PARIS 7E ARRDT;Canton 06;;P00607004;195.0;15.0;Adulte;Inconnue;;1700-01-01T01:02:49+00:53;OUI;48.857772499834546,2.297245756057036
2002368.0;Arbre aux quarante écus;Ginkgo;biloba;ECOLE DE CHIENS GUIDE D AVEUGLES - AVENUE DE SAINT-MAURICE;Arbre;Jardin;BOIS DE VINCENNES;12-03;;12-03;270.0;25.0;Mature;Inconnue;;1875-01-01T01:02:49+00:53;OUI;48.83368577644325,2.421111928263561
111331.0;Platane;Platanus;x hispanica;JARDIN DE L AVENUE FOCH / 10 AVENUE FOCH;Arbre;Jardin;PARIS 16E ARRDT;PELOUSE 20 - 75 à 77;;000307024;443.0;27.0;Mature;Inconnue;;1700-01-01T01:02:49+00:53;OUI;48.871536344973016,2.2781692442789616
120518.0;Pterocarya;Pterocarya;fraxinifolia;SQUARE LOUISE MICHEL / 6 PLACE SAINT PIERRE;Arbre;Jardin;PARIS 18E ARRDT;Le grand Talus;;000504012;368.0;26.0;Mature;Inconnue;;1700-01-01T01:02:49+00:53;OUI;48.88609867805314,2.3446801358970344
2002361.0;Tulipier;Liriodendron;tulipifera;ILE DE BERCY / LAC DAUMESNIL;Arbre;Jardin;BOIS DE VINCENNES;12-09;;12-09;220.0;21.0;Adulte;Inconnue;;1930-01-01T01:00:00+01:00;OUI;48.831989400544316,2.4119924343494303
2002366.0;Platane;Platanus;x hispanica;ROUTE DE LA CEINTURE DU LAC DAUMESNIL - LAC DAUMESNIL / PORTE DOREE;Arbre;Jardin;BOIS DE VINCENNES;12-14;;12-14;495.0;26.0;Mature;Inconnue;;1860-01-01T01:02:49+00:53;OUI;48.83381875508255,2.41121935814688
2002360.0;Plaqueminier;Diospyros;virginiana;ILE DE BERCY / LAC DAUMESNIL;Arbre;Jardin;BOIS DE VINCENNES;12-12;;12-12;175.0;15.0;Adulte;Inconnue;;1935-01-01T01:00:00+01:00;OUI;48.83138289643231,2.4114313612964837
140495.0;Erable;Acer;monspessulanum;CIMETIERE DU PERE LACHAISE / DIV 77;Arbre;CIMETIERE;PARIS 20E ARRDT;20-07;;D00000077020;265.0;11.0;Mature;Inconnue;;1700-01-01T01:02:49+00:53;OUI;48.86193298996097,2.3987104321755064
155948.0;Arbre à Gutta-Percha;Eucommia;ulmoides;CIMETIERE DU PERE LACHAISE / DIV 75;Arbre;CIMETIERE;PARIS 20E ARRDT;20-11;;D00000075015;130.0;14.0;Adulte;Inconnue;;1700-01-01T01:02:49+00:53;OUI;48.857803908765824,2.395740784517371
2002398.0;Platane;Platanus;orientalis;ILE DU LAC INFERIEUR;Arbre;Jardin;BOIS DE BOULOGNE;16-04;;000401001;380.0;26.0;Mature;Inconnue;;1859-01-01T01:02:49+00:53;OUI;48.86612721169781,2.262547930839383
2002375.0;Chêne;Quercus;robur;FORT NEUF - AVENUE DE LA PEPINIERE / ROUTE DU GRAND MARECHAL;Arbre;Jardin;BOIS DE VINCENNES;12-26;;12-26;465.0;30.0;Mature;Inconnue;;1815-01-01T01:02:49+00:53;OUI;48.84330787065609,2.449742608623643
307478.0;Libocèdre;Calocedrus;decurrens;JARDINS DES CHAMPS ELYSEES - SQUARE MARIGNY / 41 AVENUE GABRIEL;Arbre;Jardin;PARIS 8E ARRDT;Secteur Marigny;;000103002;209.0;22.0;Mature;Inconnue;;1700-01-01T01:02:49+00:53;OUI;48.86857287778515,2.3133255897994673
2002370.0;Tulipier;Liriodendron;tulipifera;SQUARE CARNOT - AVENUE DAUMESNIL / ESPLANADE DU CHATEAU DE VINCENNES;Arbre;Jardin;BOIS DE VINCENNES;12-02;;12-02;310.0;30.0;Mature;Inconnue;;1862-01-01T01:02:49+00:53;OUI;48.83940516054917,2.4333744824506813
113328.0;Hêtre;Fagus;sylvatica;PARC MONTSOURIS / 28 BOULEVARD JOURDAN;Arbre;Jardin;PARIS 14E ARRDT;Grande pelouse;;031302006;400.0;20.0;Mature;Inconnue;''Riversii'';1700-01-01T01:02:49+00:53;OUI;48.822604055366384,2.336701218855208
108183.0;Hêtre;Fagus;sylvatica;JARDIN DU CHAMP DE MARS ET PELOUSES DE L ECOLE MILITAIRE / SETE;Arbre;Jardin;PARIS 7E ARRDT;Canton 03 / SETE;;P00306006;205.0;6.0;Adulte;Inconnue;''Pendula'';1700-01-01T01:02:49+00:53;OUI;48.8587536797132,2.2954992543419888
109016.0;Magnolia;Magnolia;grandiflora;SQUARE D AJACCIO / 127 RUE DE GRENELLE;Arbre;Jardin;PARIS 7E ARRDT;07-10;;000202001;155.0;13.0;Adulte;Inconnue;;1700-01-01T01:02:49+00:53;OUI;48.8574173084566,2.3147251173459
136446.0;Sterculier;Firmiana;simplex;JARDIN DES SERRES D AUTEUIL / 1 AVENUE GORDON BENNETT;Arbre;Jardin;PARIS 16E ARRDT;;;00030001;132.0;12.0;Adulte;Inconnue;;1700-01-01T01:02:49+00:53;OUI;48.84761141565212,2.253143007559326
2017817.0;Chêne;Quercus;cerris;PLACE DE LA REPUBLIQUE;Arbre;Alignement;PARIS 10E ARRDT;;;000401009;53.0;7.0;Jeune (arbre);GUILLOT BOURNE;;2017-11-09T02:00:00+01:00;OUI;48.86829544193773,2.3631894360724153
120588.0;Platane;Platanus;orientalis;SQUARE LOUISE MICHEL / 6 PLACE SAINT PIERRE;Arbre;Jardin;PARIS 18E ARRDT;Place Saint-Pierre;;000103015;520.0;28.0;Mature;Inconnue;;1700-01-01T01:02:49+00:53;OUI;48.884608435275254,2.3439162548465267
110934.0;Chêne;Quercus;ilex;PARC MONTSOURIS / 28 BOULEVARD JOURDAN;Arbre;Jardin;PARIS 14E ARRDT;Volcan / Puits;;0311B1011;255.0;15.0;Mature;Inconnue;;1700-01-01T01:02:49+00:53;OUI;48.821838891713476,2.335786151664373
2002358.0;Erable;Acer;opalus;ILE DE BERCY / LAC DAUMESNIL;Arbre;Jardin;BOIS DE VINCENNES;12-05;;12-05;220.0;14.0;Mature;Inconnue;;1870-01-01T01:02:49+00:53;OUI;48.83037459866333,2.4134928171671937
112946.0;Arbre aux quarante écus;Ginkgo;biloba;PARC MONTSOURIS / 28 BOULEVARD JOURDAN;Arbre;Jardin;PARIS 14E ARRDT;Talus du Lac;;0417A2001;430.0;20.0;Mature;Inconnue;;1700-01-01T01:02:49+00:53;OUI;48.82312885756008,2.338709258241683
100818.0;Platane;Platanus;x hispanica;PARC DE BERCY / 128 QUAI DE BERCY;Arbre;Jardin;PARIS 12E ARRDT;;;E00305016;502.0;35.0;Mature;Inconnue;;1700-01-01T01:02:49+00:53;OUI;48.834162452645906,2.3825595989583803
128373.0;Hêtre;Fagus;sylvatica;SQUARE DU CLOS FEUQUIERES;Arbre;Jardin;PARIS 15E ARRDT;;;00000002;130.0;5.0;Adulte;Inconnue;''Pendula'';1973-01-01T02:00:00+01:00;OUI;48.83634112210464,2.2902094857360003
120761.0;Sophora;Sophora;japonica;SQUARE NADAR / 2 RUE SAINT ELEUTHERE;Arbre;Jardin;PARIS 18E ARRDT;18-07;;000102003;310.0;17.0;Mature;Inconnue;;1700-01-01T01:02:49+00:53;OUI;48.88595142916128,2.3416796927451764
116886.0;Noisetier de Byzance;Corylus;colurna;SQUARE DU TEMPLE / 50 RUE DE BRETAGNE;Arbre;Jardin;PARIS 3E ARRDT;03-05;;000102007;230.0;16.0;Mature;Inconnue;;1700-01-01T01:02:49+00:53;OUI;48.864837490079104,2.360625535980335
2002385.0;Chêne;Quercus;ilex;PENTE DE GRAVELLE - AVENUE DE GRAVELLE / ROUTE NOUVELLE;Arbre;Jardin;BOIS DE VINCENNES;12-15;;12-15;255.0;23.0;Mature;Inconnue;;1860-01-01T01:02:49+00:53;OUI;48.818389186647245,2.4379185136755845
136527.0;Arbre aux quarante écus;Ginkgo;biloba;JARDIN DES SERRES D AUTEUIL / 1 AVENUE GORDON BENNETT;Arbre;Jardin;PARIS 16E ARRDT;;;00050045;430.0;25.0;Mature;Inconnue;;1895-01-01T01:09:21+01:00;OUI;48.84763637938804,2.252746482174319
2002352.0;If;Taxus;baccata;PARC DE BAGATELLE - ALLEE DE LONGCHAMP / ROUTE DE SEVRES A NEUILLY;Arbre;Jardin;BOIS DE BOULOGNE;16-21;;000701001;246.0;15.0;Adulte;Inconnue;;1772-01-01T01:02:49+00:53;OUI;48.870936934051514,2.248034453487914
101752.0;Sophora;Sophora;japonica;PARC DES BUTTES CHAUMONT;Arbre;Jardin;PARIS 19E ARRDT;19-06;;I1090024;408.0;12.0;Mature;Inconnue;;1700-01-01T01:02:49+00:53;OUI;48.881468736639526,2.383680125823183
136794.0;Pterocarya;Pterocarya;fraxinifolia;JARDIN DU RANELAGH;Arbre;Jardin;PARIS 16E ARRDT;16-40;;00040084;447.0;28.0;Mature;Inconnue;;1700-01-01T01:02:49+00:53;OUI;48.86003338149809,2.2691346195636046
102027.0;Marronnier;Aesculus;hippocastanum;PARC DES BUTTES CHAUMONT;Arbre;Jardin;PARIS 19E ARRDT;;;G0380001;330.0;22.0;Mature;Inconnue;;1700-01-01T01:02:49+00:53;OUI;48.88007972153731,2.385709505233403
2002376.0;Chêne;Quercus;robur;LAC DES MINIMES - ROUTE RONDE DES MINIMES;Arbre;Jardin;BOIS DE VINCENNES;12-25;;12-25;431.0;30.0;Mature;Inconnue;;1784-01-01T01:02:49+00:53;OUI;48.83417402784996,2.4613206192039243
123848.0;Mûrier;Morus;alba;SQUARE DE LA TOUR SAINT JACQUES / 1 BIS RUE SAINT MARTIN;Arbre;Jardin;PARIS 4E ARRDT;;;000103001;105.0;7.0;Adulte;Inconnue;;2009-01-01T02:00:00+01:00;OUI;48.85786707219378,2.34811930339295
2002348.0;Cèdre;Cedrus;libani;GRANDE CASCADE - CARREFOUR DE LONGCHAMP;Arbre;Jardin;BOIS DE BOULOGNE;16-09;;000301002;468.0;25.0;Mature;Inconnue;;1862-01-01T01:02:49+00:53;OUI;48.8633907267388,2.240481126956207
317250.0;Platane;Platanus;x hispanica;SQUARE MONTHOLON / 79 BIS RUE LA FAYETTE;Arbre;Jardin;PARIS 9E ARRDT;;;000108001;465.0;25.0;Mature;Inconnue;;1700-01-01T01:02:49+00:53;OUI;48.87692125066785,2.3467187902283446
102141.0;Platane;Platanus;x hispanica;PARC DES BUTTES CHAUMONT;Arbre;Jardin;PARIS 19E ARRDT;19-08;;H0690012;725.0;30.0;Mature;Inconnue;;1700-01-01T01:02:49+00:53;OUI;48.880335483410086,2.381305309812792
230281.0;Saule;Salix;babylonica;QUAI DE L HORLOGE;Arbre;Alignement;PARIS 1ER ARRDT;;;000402002;140.0;14.0;Adulte;Inconnue;;1700-01-01T01:02:49+00:53;OUI;48.85774901103886,2.3394039402915254
102028.0;Marronnier;Aesculus;hippocastanum;PARC DES BUTTES CHAUMONT;Arbre;Jardin;PARIS 19E ARRDT;;;G0380002;330.0;25.0;Mature;Inconnue;;1700-01-01T01:02:49+00:53;OUI;48.88011574548705,2.3856668241505523
313940.0;Platane;Platanus;orientalis;PARC MONCEAU;Arbre;Jardin;PARIS 8E ARRDT;08-02;;00SO0222;645.0;31.0;Mature;Inconnue;;1700-01-01T01:02:49+00:53;OUI;48.87858281562189,2.3075597941702957
138935.0;Cèdre;Cedrus;libani;SQUARE CLAUDE DEBUSSY / 51 AVENUE DU MARECHAL FAYOLLE;Arbre;Jardin;PARIS 16E ARRDT;16-24;;000101001;225.0;5.0;Mature;Inconnue;''Glauca Pendula'';1700-01-01T01:02:49+00:53;OUI;48.867228044629144,2.270268755606125
135397.0;Platane;Platanus;x hispanica;SQUARE DES BATIGNOLLES;Arbre;Jardin;PARIS 17E ARRDT;17-10;;00000206;597.0;34.0;Mature;Inconnue;;1850-01-01T01:02:49+00:53;OUI;48.887688246600334,2.3164592123762056
223748.0;Platane;Platanus;x hispanica;BOULEVARD DE CHARONNE;Arbre;Alignement;PARIS 20E ARRDT;148;;001802036;407.0;23.0;Mature;Inconnue;;1700-01-01T01:02:49+00:53;OUI;48.85647419983055,2.394618479035004
2002394.0;Sequoia;Sequoiadendron;giganteum;JARDIN DU PRE CATELAN - CARREFOUR DE LA GRANDE CASCADE / CARREFOUR DE LA CROIX CATELAN;Arbre;Jardin;BOIS DE BOULOGNE;16-14;;000501003;634.0;32.0;Adulte;Inconnue;;1872-01-01T01:02:49+00:53;OUI;48.86481794495802,2.2526762439998316
2002359.0;Cryptomeria;Cryptomeria;japonica;ILE DE BERCY / LAC DAUMESNIL;Arbre;Jardin;BOIS DE VINCENNES;12-13;;12-13;130.0;13.0;Mature;Inconnue;;1893-01-01T01:02:49+00:53;OUI;48.83121657299061,2.4116773969314496
134203.0;Marronnier;Aesculus;pavia;SQUARE DES EPINETTES;Arbre;Jardin;PARIS 17E ARRDT;17-04;;00000125;310.0;21.0;Mature;Inconnue;;1700-01-01T01:02:49+00:53;OUI;48.89409265680786,2.326331916221363
108095.0;Platane;Platanus;x hispanica;JARDIN DU CHAMP DE MARS ET PELOUSES DE L ECOLE MILITAIRE / SETE;Arbre;Jardin;PARIS 7E ARRDT;Canton 01 / SETE;;P00108001;695.0;25.0;Mature;Inconnue;;1700-01-01T01:02:49+00:53;OUI;48.85783876010566,2.2933187395699957
2002355.0;Arbre aux mouchoirs;Davidia;involucrata;PARC DE BAGATELLE - ALLEE DE LONGCHAMP / ROUTE DE SEVRES A NEUILLY;Arbre;Jardin;BOIS DE BOULOGNE;16-20;;000701006;120.0;15.0;Adulte;Inconnue;;1906-01-01T01:09:21+01:00;OUI;48.87324846283381,2.2488787457229065
323350.0;Pterocarya;Pterocarya;fraxinifolia;SQUARE D ESTIENNE D ORVES / 1 PLACE D ESTIENNE D ORVES;Arbre;Jardin;PARIS 9E ARRDT;Entrée;;000202001;340.0;26.0;Mature;Inconnue;;1700-01-01T01:02:49+00:53;OUI;48.876686851977674,2.331908896799583
111640.0;Aulne;Alnus;n. sp.;SQUARE SAINT LAMBERT / 2 RUE JEAN FORMIGE;Arbre;Jardin;PARIS 15E ARRDT;15-02;;000102018;225.0;18.0;Adulte;Inconnue;;1700-01-01T01:02:49+00:53;OUI;48.84282073993694,2.2972872774952617
125236.0;Libocèdre;Calocedrus;decurrens;JARDIN DE LA GARE DE REUILLY - JULIEN LAUPRETRE / 6 RUE PAUL DUKAS;Arbre;Jardin;PARIS 12E ARRDT;12-33;;000101001;205.0;20.0;Adulte;Inconnue;;1700-01-01T01:02:49+00:53;OUI;48.8408776987372,2.392112852731359
114140.0;Orme de Sibérie;Zelkova;carpinifolia;JARDIN DE L AVENUE FOCH / 10 AVENUE FOCH;Arbre;Jardin;PARIS 16E ARRDT;PELOUSE 05 - 54 à 68;;000404063;426.0;26.0;Mature;Inconnue;;1700-01-01T01:02:49+00:53;OUI;48.87264176216772,2.2813640558525785
2002392.0;Pterocarya;Pterocarya;fraxinifolia;BERGE DU LAC INFERIEUR - CHEMIN DE CEINTURE DU LAC INFERIEUR;Arbre;Jardin;BOIS DE BOULOGNE;16-02;;000101004;407.0;27.0;Mature;Inconnue;;1882-01-01T01:02:49+00:53;OUI;48.863173061317106,2.2617385639414525
116216.0;Cèdre;Cedrus;libani;SQUARE DE L ASPIRANT DUNAND / 20 RUE SAILLARD;Arbre;Jardin;PARIS 14E ARRDT;;;000209001;155.0;20.0;Adulte;Inconnue;;1996-01-01T02:00:00+01:00;OUI;48.83196735549029,2.3258168124220626
2002350.0;Sequoia;Sequoiadendron;giganteum;PARC DE BAGATELLE - ALLEE DE LONGCHAMP / ROUTE DE SEVRES A NEUILLY;Arbre;Jardin;BOIS DE BOULOGNE;16-22;;000701002;511.0;28.0;Adulte;Inconnue;;1850-01-01T01:02:49+00:53;OUI;48.8694582820089,2.2477134379245176
106181.0;Cèdre;Cedrus;libani;PARC DE CHOISY / 1 RUE GEORGE EASTMAN;Arbre;Jardin;PARIS 13E ARRDT;Massif 01;;000201026;351.0;25.0;Mature;Inconnue;;1700-01-01T01:02:49+00:53;OUI;48.82776601728856,2.3592631864012117
112503.0;Marronnier;Aesculus;hippocastanum;SQUARE LOUISE MICHEL / 6 PLACE SAINT PIERRE;Arbre;Jardin;PARIS 18E ARRDT;Place Saint-Pierre;;000105002;366.0;21.0;Mature;Inconnue;;1700-01-01T01:02:49+00:53;OUI;48.88447160294701,2.343107759067421
113597.0;Chêne;Quercus;frainetto;SQUARE DE LA PLACE ADOLPHE CHERIOUX / 260 RUE DE VAUGIRARD;Arbre;Jardin;PARIS 15E ARRDT;;;000106001;180.0;15.0;Adulte;Inconnue;;1700-01-01T01:02:49+00:53;OUI;48.83964416716213,2.300975584984933
136448.0;Catalpa;Catalpa;speciosa;JARDIN DES SERRES D AUTEUIL / 1 AVENUE GORDON BENNETT;Arbre;Jardin;PARIS 16E ARRDT;;;00030003;200.0;3.0;Mature;Inconnue;''Pulverulenta'';1700-01-01T01:02:49+00:53;OUI;48.84758185002834,2.2532779035516604
136338.0;Chêne;Quercus;suber subsp. Occidentalis;JARDIN DES SERRES D AUTEUIL / 1 AVENUE GORDON BENNETT;Arbre;Jardin;PARIS 16E ARRDT;;;00040054;232.0;11.0;Mature;Inconnue;;1895-01-01T01:09:21+01:00;OUI;48.84717334032457,2.252866144075643
2002362.0;If;Taxus;baccata;ILE DE BERCY / LAC DAUMESNIL;Arbre;Jardin;BOIS DE VINCENNES;12-08;;12-08;105.0;5.0;Adulte;Inconnue;;1870-01-01T01:02:49+00:53;OUI;48.83207758478565,2.4118171356640263
106714.0;Plaqueminier;Diospyros;lotus;JARDIN DU CHAMP DE MARS ET PELOUSES DE L ECOLE MILITAIRE;Arbre;Jardin;PARIS 7E ARRDT;Canton 09;;P00905009;163.0;13.0;Adulte;Inconnue;;1700-01-01T01:02:49+00:53;OUI;48.855793015910024,2.3002643183580016
120530.0;Oranger des Osages;Maclura;pomifera;SQUARE LOUISE MICHEL / 6 PLACE SAINT PIERRE;Arbre;Jardin;PARIS 18E ARRDT;Talus Ronsard;;000601010;212.0;16.0;Mature;Inconnue;;1700-01-01T01:02:49+00:53;OUI;48.88566918282631,2.344714069403676
136323.0;Chêne;Quercus;ilex;JARDIN DES SERRES D AUTEUIL / 1 AVENUE GORDON BENNETT;Arbre;Jardin;PARIS 16E ARRDT;;;00040039;237.0;13.0;Mature;Inconnue;;1700-01-01T01:02:49+00:53;OUI;48.84656523306659,2.2524200120166262
125046.0;Noisetier de Byzance;Corylus;colurna;SQUARE JEAN XXIII / 2 QUAI DE L ARCHEVECHE;Arbre;Jardin;PARIS 4E ARRDT;04-04;;000104001;210.0;19.0;Adulte;Inconnue;;1700-01-01T01:02:49+00:53;OUI;48.8527826173674,2.351016048141519
108256.0;Noisetier de Byzance;Corylus;colurna;JARDINS DU TROCADERO / 3 PLACE DE VARSOVIE;Arbre;Jardin;PARIS 16E ARRDT;Canton 09;;000906007;261.0;20.0;Mature;Inconnue;;1700-01-01T01:02:49+00:53;OUI;48.86159461628186,2.2910362693943402
2002380.0;Pin;Pinus;bungeana;ARBORETUM DE L ECOLE DU BREUIL - ROUTE DE LA FERME / ROUTE DE LA PYRAMIDE;Arbre;Jardin;BOIS DE VINCENNES;12-19;;12-19;85.0;16.0;Adulte;Inconnue;;2000-01-01T02:00:00+01:00;OUI;48.821320628340644,2.455366695890119
152606.0;Cèdre;Cedrus;libani;CIMETIERE DU PERE LACHAISE / DIV 4;Arbre;CIMETIERE;PARIS 20E ARRDT;20-16;;D00000004036;390.0;25.0;Mature;Inconnue;;1700-01-01T01:02:49+00:53;OUI;48.86080962786654,2.3918437755894497
2002351.0;Platane;Platanus;orientalis;PARC DE BAGATELLE - ALLEE DE LONGCHAMP / ROUTE DE SEVRES A NEUILLY;Arbre;Jardin;BOIS DE BOULOGNE;16-18;;000701007;221.0;24.0;Mature;Inconnue;;1843-01-01T01:02:49+00:53;OUI;48.870405525070645,2.2485211916156063
2002363.0;Cyprès Chauve;Taxodium;distichum;ILE DE BERCY / LAC DAUMESNIL;Arbre;Jardin;BOIS DE VINCENNES;12-10;;12-10;300.0;18.0;Adulte;Inconnue;;1930-01-01T01:00:00+01:00;OUI;48.832610572841126,2.411452728985844
2002367.0;Noyer;Juglans;nigra;ROUTE DE LA CEINTURE DU LAC DAUMESNIL - LAC DAUMESNIL / PORTE DOREE;Arbre;Jardin;BOIS DE VINCENNES;12-04;;12-04;595.0;26.0;Adulte;Inconnue;;1845-01-01T01:02:49+00:53;OUI;48.83343581354384,2.4127979366912062
123156.0;Chêne;Quercus;frainetto;SQUARE CHARLES PEGUY / 21 RUE ROTTEMBOURG;Arbre;Jardin;PARIS 12E ARRDT;;;000202001;169.0;14.0;Adulte;Inconnue;;1990-01-01T02:00:00+01:00;OUI;48.83881631940496,2.40656685551818
2002379.0;Pin;Pinus;coulteri;ARBORETUM DE L ECOLE DU BREUIL - ROUTE DE LA FERME / ROUTE DE LA PYRAMIDE;Arbre;Jardin;BOIS DE VINCENNES;12-20;;12-20;234.0;17.0;Adulte;Inconnue;;2000-01-01T02:00:00+01:00;OUI;48.821009518768086,2.4555149835972707
2002353.0;Araucaria;Araucaria;araucana;PARC DE BAGATELLE - ALLEE DE LONGCHAMP / ROUTE DE SEVRES A NEUILLY;Arbre;Jardin;BOIS DE BOULOGNE;16-23;;000701003;182.0;11.0;Adulte;Inconnue;;1907-01-01T01:09:21+01:00;OUI;48.871681148770165,2.2492326527514583
158457.0;Arbre aux quarante écus;Ginkgo;biloba;CIMETIERE DU PERE LACHAISE / DIV 84;Arbre;CIMETIERE;PARIS 20E ARRDT;20-12;;D00000084016;165.0;20.0;Adulte;Inconnue;;1700-01-01T01:02:49+00:53;OUI;48.86339280302588,2.3968465381830266
132542.0;Platane;Platanus;orientalis;SQUARE MICHEL FOUCAULT / 43 Q RUE DES ECOLES;Arbre;Jardin;PARIS 5E ARRDT;;;000101001;395.0;24.0;Mature;Inconnue;;1700-01-01T01:02:49+00:53;OUI;48.84935115947165,2.345032927765741
2002388.0;Plaqueminier;Diospyros;kaki;JARDIN DU PRE CATELAN - CARREFOUR DE LA GRANDE CASCADE / CARREFOUR DE LA CROIX CATELAN;Arbre;Jardin;BOIS DE BOULOGNE;16-13;;000501002;146.0;15.0;Adulte;Inconnue;;1897-01-01T01:09:21+01:00;OUI;48.86483262774767,2.2521746079193368
123805.0;Cèdre;Cedrus;libani;SQUARE BARYE / 2 BOULEVARD HENRI IV;Arbre;Jardin;PARIS 4E ARRDT;;;00000010;133.0;12.0;Adulte;Inconnue;;1993-01-01T02:00:00+01:00;OUI;48.849745937314125,2.3600393733260105
2002384.0;Cèdre;Cedrus;libani;LAC DE GRAVELLE - ROUTE DU PESAGE / ROUTE DE LA TOURELLE;Arbre;Jardin;BOIS DE VINCENNES;12-16;;12-16;425.0;22.0;Mature;Inconnue;;1829-01-01T01:02:49+00:53;OUI;48.82012550552622,2.445117753503764
167762.0;If;Taxus;baccata;CIMETIERE DE MONTMARTRE / DIV 14;Arbre;CIMETIERE;PARIS 18E ARRDT;;;D00000014007;299.0;13.0;Mature;Inconnue;;1700-01-01T01:02:49+00:53;OUI;48.8858144156089,2.3301156142031503
158456.0;Arbre aux quarante écus;Ginkgo;biloba;CIMETIERE DU PERE LACHAISE / DIV 78;Arbre;CIMETIERE;PARIS 20E ARRDT;20-13;;D00000078003;180.0;16.0;Adulte;Inconnue;;1700-01-01T01:02:49+00:53;OUI;48.86385698595501,2.3966371602084227
155788.0;Plaqueminier;Diospyros;lotus;CIMETIERE DU PERE LACHAISE / DIV 77;Arbre;CIMETIERE;PARIS 20E ARRDT;20-01;;D00000077016;115.0;10.0;Adulte;Inconnue;;1700-01-01T01:02:49+00:53;OUI;48.86208456875805,2.3985769149034124
2002354.0;Hêtre;Fagus;sylvatica;PARC DE BAGATELLE - ALLEE DE LONGCHAMP / ROUTE DE SEVRES A NEUILLY;Arbre;Jardin;BOIS DE BOULOGNE;16-17;;000701004;231.0;16.0;Mature;Inconnue;''Pendula'';1868-01-01T01:02:49+00:53;OUI;48.87311108976254,2.2488647888597715
106981.0;Arbre aux quarante écus;Ginkgo;biloba;PARC MONTSOURIS / 28 BOULEVARD JOURDAN;Arbre;Jardin;PARIS 14E ARRDT;Flatters;;031401018;340.0;20.0;Mature;Inconnue;;1700-01-01T01:02:49+00:53;OUI;48.82295102039206,2.337472249291674
104841.0;Marronnier;Aesculus;hippocastanum;SQUARE RENE LE GALL / 1 RUE EMILE DESLANDRES;Arbre;Jardin;PARIS 13E ARRDT;Roseraie;;000301003;360.0;15.0;Mature;Inconnue;;1894-01-01T01:09:21+01:00;OUI;48.833030121720526,2.350696508611614
109021.0;Platane;Platanus;x hispanica;SQUARE D AJACCIO / 127 RUE DE GRENELLE;Arbre;Jardin;PARIS 7E ARRDT;07-13;;000201005;480.0;25.0;Mature;Inconnue;;1700-01-01T01:02:49+00:53;OUI;48.85777577334163,2.314530473104143
113571.0;Pistachier;Pistacia;terebinthus;JARDIN DES SERRES D AUTEUIL / 1 AVENUE GORDON BENNETT;Arbre;Jardin;PARIS 16E ARRDT;;;00060050;172.0;10.0;Adulte;Inconnue;;1700-01-01T01:02:49+00:53;OUI;48.84590426297836,2.2530267640826533
302598.0;Platane;Platanus;x hispanica;JARDINS DES CHAMPS ELYSEES - ABORDS OUEST DU GRAND PALAIS / 7 AVENUE WINSTON CHURCHILL;Arbre;Jardin;PARIS 8E ARRDT;Secteur Grand Palais;;000109003;583.0;29.0;Mature;Inconnue;;1700-01-01T01:02:49+00:53;OUI;48.86524780196837,2.3133517523924843
2002391.0;Arbre aux quarante écus;Ginkgo;biloba;BERGE DU LAC INFERIEUR - CHEMIN DE CEINTURE DU LAC INFERIEUR;Arbre;Jardin;BOIS DE BOULOGNE;16-01;;000101002;210.0;17.0;Mature;Inconnue;;1893-01-01T01:02:49+00:53;OUI;48.862908287642384,2.261570346106018
138456.0;Figuier;Ficus;carica;JARDIN BRASSAI / 2 RUE EUGENE ATGET;Arbre;Jardin;PARIS 13E ARRDT;;;00000028;120.0;4.0;Adulte;Inconnue;;1700-01-01T01:02:49+00:53;OUI;48.82884091038866,2.3497646273459796
2002378.0;Erable;Acer;cappadocicum;PELOUSE DE FONTENAY - AVENUE DE LA BELLE GABRIELLE;Arbre;Jardin;BOIS DE VINCENNES;12-23;;12-23;320.0;18.0;Mature;Inconnue;;1900-01-01T01:09:21+01:00;OUI;48.840942068885,2.464132113898919
103916.0;If;Taxus;baccata;PARC DES BUTTES CHAUMONT;Arbre;Jardin;PARIS 19E ARRDT;;;O1020001;140.0;13.0;Mature;Inconnue;;1700-01-01T01:02:49+00:53;OUI;48.87704272833932,2.3805001285112204
2002372.0;Hêtre;Fagus;sylvatica;SQUARE CARNOT - AVENUE DAUMESNIL / ESPLANADE DU CHATEAU DE VINCENNES;Arbre;Jardin;BOIS DE VINCENNES;12-22;;12-22;420.0;16.0;Mature;Inconnue;''Pendula'';1864-01-01T01:02:49+00:53;OUI;48.83988623398372,2.4338831267868555
116020.0;Figuier;Ficus;carica;SQUARE GEORGES CAIN / 8 RUE PAYENNE;Arbre;Jardin;PARIS 3E ARRDT;03-01;;000101002;145.0;10.0;Mature;Inconnue;;1700-01-01T01:02:49+00:53;OUI;48.858282014124114,2.362652663900867
136310.0;Pterocarya;Pterocarya;stenoptera;JARDIN DES SERRES D AUTEUIL / 1 AVENUE GORDON BENNETT;Arbre;Jardin;PARIS 16E ARRDT;;;00040026;562.0;30.0;Mature;Inconnue;;1905-01-01T01:09:21+01:00;OUI;48.84714674403444,2.251983537170895
2002395.0;Pin;Pinus;nigra;JARDIN DU PRE CATELAN - CARREFOUR DE LA GRANDE CASCADE / CARREFOUR DE LA CROIX CATELAN;Arbre;Jardin;BOIS DE BOULOGNE;16-16;;000501001;330.0;27.0;Adulte;Inconnue;;2000-01-01T02:00:00+01:00;OUI;48.863965186773484,2.251349683552544
125087.0;Grenadier;Punica;granatum;SQUARE LOUISE MICHEL / 6 PLACE SAINT PIERRE;Arbre;Jardin;PARIS 18E ARRDT;Talus Aux Amoureux;;000404003;30.0;3.0;Adulte;Inconnue;;1952-01-01T02:00:00+01:00;OUI;48.885641535741605,2.3438204487276235
125051.0;Tamaris;Tamarix;n. sp.;SQUARE JEAN XXIII / 2 QUAI DE L ARCHEVECHE;Arbre;Jardin;PARIS 4E ARRDT;;;000102002;230.0;3.0;Mature;Inconnue;;1700-01-01T01:02:49+00:53;OUI;48.85235484373537,2.3518099173605203
134212.0;Tulipier;Liriodendron;tulipifera;SQUARE DES EPINETTES;Arbre;Jardin;PARIS 17E ARRDT;17-03;;00000134;253.0;18.0;Adulte;Inconnue;;1700-01-01T01:02:49+00:53;OUI;48.89462285651077,2.3268523785013038
114869.0;Savonnier;Koelreuteria;paniculata;JARDIN DE L AVENUE FOCH / 10 AVENUE FOCH;Arbre;Jardin;PARIS 16E ARRDT;PELOUSE 10 - 20 à 26;;000206001;164.0;8.0;Adulte;Inconnue;;1700-01-01T01:02:49+00:53;OUI;48.8735408017879,2.2904501836127147
2002347.0;Cyprès Chauve;Taxodium;distichum;GRANDE CASCADE - CARREFOUR DE LONGCHAMP;Arbre;Jardin;BOIS DE BOULOGNE;16-07;;000301001;311.0;28.0;Mature;Inconnue;;1859-01-01T01:02:49+00:53;OUI;48.86326316101311,2.240724763839415
2002357.0;Platane;Platanus;x hispanica;ROUTE DE LA CEINTURE DU LAC DAUMESNIL;Arbre;Jardin;BOIS DE VINCENNES;12-30;;12-30;510.0;27.0;Mature;Inconnue;;1871-01-01T01:02:49+00:53;OUI;48.82925320910063,2.4131820586516577
110444.0;Hêtre;Fagus;sylvatica;PARC MONTSOURIS / 28 BOULEVARD JOURDAN;Arbre;Jardin;PARIS 14E ARRDT;Lac et Berges;;041501007;150.0;5.0;Adulte;Inconnue;''Tortuosa'';1700-01-01T01:02:49+00:53;OUI;48.82334523515636,2.3396834268468463
132543.0;Platane;Platanus;orientalis;SQUARE MICHEL FOUCAULT / 43 Q RUE DES ECOLES;Arbre;Jardin;PARIS 5E ARRDT;;;000101002;450.0;24.0;Mature;Inconnue;;1700-01-01T01:02:49+00:53;OUI;48.84931650164747,2.3451863583850474
128372.0;Hêtre;Fagus;sylvatica;SQUARE DU CLOS FEUQUIERES;Arbre;Jardin;PARIS 15E ARRDT;;;00000001;140.0;4.0;Adulte;Inconnue;''Pendula'';1973-01-01T02:00:00+01:00;OUI;48.83642502700968,2.2901856317577085
302514.0;Sequoia;Sequoiadendron;giganteum;JARDINS DES CHAMPS ELYSEES - JARDIN DES AMBASSADEURS / 10 AVENUE DES CHAMPS ELYSEES;Arbre;Jardin;PARIS 8E ARRDT;Secteur Ambassadeurs;;000103001;360.0;19.0;Mature;Inconnue;;1700-01-01T01:02:49+00:53;OUI;48.86697545795968,2.3195152169860993
135378.0;Platane;Platanus;orientalis;SQUARE DES BATIGNOLLES;Arbre;Jardin;PARIS 17E ARRDT;17-08;;00000187;468.0;30.0;Mature;Inconnue;;1700-01-01T01:02:49+00:53;OUI;48.887526474653484,2.3161787541851964
139108.0;Chicot du Canada;Gymnocladus;dioica;SQUARE ROBERT SCHUMAN;Arbre;Jardin;PARIS 16E ARRDT;16-42;;00000007;175.0;13.0;Mature;Inconnue;;1700-01-01T01:02:49+00:53;OUI;48.869133165707375,2.2722482976861
2002381.0;Orme de Sibérie;Zelkova;carpinifolia;ARBORETUM DE L ECOLE DU BREUIL - ROUTE DE LA FERME / ROUTE DE LA PYRAMIDE;Arbre;Jardin;BOIS DE VINCENNES;12-21;;12-21;315.0;18.0;Mature;Inconnue;;2000-01-01T02:00:00+01:00;OUI;48.82157930701943,2.4549466354672456
121945.0;Platane;Platanus;x hispanica;SQUARE EDOUARD VAILLANT / 50 AVENUE GAMBETTA;Arbre;Jardin;PARIS 20E ARRDT;20-05;;000202004;520.0;28.0;Mature;Inconnue;;1700-01-01T01:02:49+00:53;OUI;48.865621761898815,2.3999411427386783
127516.0;Hêtre;Fagus;sylvatica;SQUARE DE LA BUTTE DU CHAPEAU ROUGE / 11 BOULEVARD D ALGERIE;Arbre;Jardin;PARIS 19E ARRDT;;;00000004;286.0;19.0;Mature;Inconnue;''Atropunicea'';1700-01-01T01:02:49+00:53;OUI;48.881021094447576,2.3992443130665295
106715.0;Plaqueminier;Diospyros;kaki;JARDIN DU CHAMP DE MARS ET PELOUSES DE L ECOLE MILITAIRE;Arbre;Jardin;PARIS 7E ARRDT;Canton 09;;P00905010;118.0;14.0;Adulte;Inconnue;;1700-01-01T01:02:49+00:53;OUI;48.8558049513385,2.3003029330896148
132669.0;Hêtre;Fagus;sylvatica;SQUARE DES ARENES DE LUTECE / 2 PLACE EMILE MALE;Arbre;Jardin;PARIS 5E ARRDT;;;000301002;90.0;3.0;Mature;Inconnue;''Tortuosa'';1905-01-01T01:09:21+01:00;OUI;48.844887526406524,2.3536691631893945
121632.0;Hêtre;Fagus;sylvatica;SQUARE DU SERMENT DE KOUFRA;Arbre;Jardin;PARIS 14E ARRDT;14-09;;00000174;315.0;15.0;Mature;Inconnue;''Atropunicea'';1700-01-01T01:02:49+00:53;OUI;48.821788234569055,2.3228497156973735
